Program,Year,Period,Week Ending,Geo Level,State_name,State,Ag District,Ag District Code,County,County ANSI,Zip Code,Region,watershed_code,Watershed,Commodity,Data Item,Domain,Domain Category,Value,CV (%),Value_analysis
SURVEY,2018,YEAR,,STATE,ALABAMA,1,,,,,,,0,,CROP TOTALS,"CROP TOTALS, (EXCL HORTICULTURE) - PRODUCTION, MEASURED IN $",TOTAL,NOT SPECIFIED,"1,009,311,000",,1009311000
SURVEY,2018,YEAR,,STATE,ALASKA,2,,,,,,,0,,CROP TOTALS,"CROP TOTALS, (EXCL HORTICULTURE) - PRODUCTION, MEASURED IN $",TOTAL,NOT SPECIFIED,"15,991,000",,15991000
SURVEY,2018,YEAR,,STATE,ARIZONA,4,,,,,,,0,,CROP TOTALS,"CROP TOTALS, (EXCL HORTICULTURE) - PRODUCTION, MEASURED IN $",TOTAL,NOT SPECIFIED,"898,545,000",,898545000
SURVEY,2018,YEAR,,STATE,ARKANSAS,5,,,,,,,0,,CROP TOTALS,"CROP TOTALS, (EXCL HORTICULTURE) - PRODUCTION, MEASURED IN $",TOTAL,NOT SPECIFIED,"3,764,450,000",,3764450000
SURVEY,2018,YEAR,,STATE,CALIFORNIA,6,,,,,,,0,,CROP TOTALS,"CROP TOTALS, (EXCL HORTICULTURE) - PRODUCTION, MEASURED IN $",TOTAL,NOT SPECIFIED,"32,446,009,000",,32446009000
SURVEY,2018,YEAR,,STATE,COLORADO,8,,,,,,,0,,CROP TOTALS,"CROP TOTALS, (EXCL HORTICULTURE) - PRODUCTION, MEASURED IN $",TOTAL,NOT SPECIFIED,"2,101,721,000",,2101721000
SURVEY,2018,YEAR,,STATE,CONNECTICUT,9,,,,,,,0,,CROP TOTALS,"CROP TOTALS, (EXCL HORTICULTURE) - PRODUCTION, MEASURED IN $",TOTAL,NOT SPECIFIED,"20,328,000",,20328000
SURVEY,2018,YEAR,,STATE,DELAWARE,10,,,,,,,0,,CROP TOTALS,"CROP TOTALS, (EXCL HORTICULTURE) - PRODUCTION, MEASURED IN $",TOTAL,NOT SPECIFIED,"179,591,000",,179591000
SURVEY,2018,YEAR,,STATE,FLORIDA,12,,,,,,,0,,CROP TOTALS,"CROP TOTALS, (EXCL HORTICULTURE) - PRODUCTION, MEASURED IN $",TOTAL,NOT SPECIFIED,"3,218,390,000",,3218390000
SURVEY,2018,YEAR,,STATE,GEORGIA,13,,,,,,,0,,CROP TOTALS,"CROP TOTALS, (EXCL HORTICULTURE) - PRODUCTION, MEASURED IN $",TOTAL,NOT SPECIFIED,"2,478,547,000",,2478547000
SURVEY,2018,YEAR,,STATE,HAWAII,15,,,,,,,0,,CROP TOTALS,"CROP TOTALS, (EXCL HORTICULTURE) - PRODUCTION, MEASURED IN $",TOTAL,NOT SPECIFIED,"101,246,000",,101246000
SURVEY,2018,YEAR,,STATE,IDAHO,16,,,,,,,0,,CROP TOTALS,"CROP TOTALS, (EXCL HORTICULTURE) - PRODUCTION, MEASURED IN $",TOTAL,NOT SPECIFIED,"3,316,639,000",,3316639000
SURVEY,2018,YEAR,,STATE,ILLINOIS,17,,,,,,,0,,CROP TOTALS,"CROP TOTALS, (EXCL HORTICULTURE) - PRODUCTION, MEASURED IN $",TOTAL,NOT SPECIFIED,"14,486,372,000",,14486372000
SURVEY,2018,YEAR,,STATE,INDIANA,18,,,,,,,0,,CROP TOTALS,"CROP TOTALS, (EXCL HORTICULTURE) - PRODUCTION, MEASURED IN $",TOTAL,NOT SPECIFIED,"7,051,845,000",,7051845000
SURVEY,2018,YEAR,,STATE,IOWA,19,,,,,,,0,,CROP TOTALS,"CROP TOTALS, (EXCL HORTICULTURE) - PRODUCTION, MEASURED IN $",TOTAL,NOT SPECIFIED,"14,027,745,000",,14027745000
SURVEY,2018,YEAR,,STATE,KANSAS,20,,,,,,,0,,CROP TOTALS,"CROP TOTALS, (EXCL HORTICULTURE) - PRODUCTION, MEASURED IN $",TOTAL,NOT SPECIFIED,"6,776,208,000",,6776208000
SURVEY,2018,YEAR,,STATE,KENTUCKY,21,,,,,,,0,,CROP TOTALS,"CROP TOTALS, (EXCL HORTICULTURE) - PRODUCTION, MEASURED IN $",TOTAL,NOT SPECIFIED,"2,837,166,000",,2837166000
SURVEY,2018,YEAR,,STATE,LOUISIANA,22,,,,,,,0,,CROP TOTALS,"CROP TOTALS, (EXCL HORTICULTURE) - PRODUCTION, MEASURED IN $",TOTAL,NOT SPECIFIED,"2,097,492,000",,2097492000
SURVEY,2018,YEAR,,STATE,MAINE,23,,,,,,,0,,CROP TOTALS,"CROP TOTALS, (EXCL HORTICULTURE) - PRODUCTION, MEASURED IN $",TOTAL,NOT SPECIFIED,"248,368,000",,248368000
SURVEY,2018,YEAR,,STATE,MARYLAND,24,,,,,,,0,,CROP TOTALS,"CROP TOTALS, (EXCL HORTICULTURE) - PRODUCTION, MEASURED IN $",TOTAL,NOT SPECIFIED,"588,920,000",,588920000
SURVEY,2018,YEAR,,STATE,MASSACHUSETTS,25,,,,,,,0,,CROP TOTALS,"CROP TOTALS, (EXCL HORTICULTURE) - PRODUCTION, MEASURED IN $",TOTAL,NOT SPECIFIED,"85,917,000",,85917000
SURVEY,2018,YEAR,,STATE,MICHIGAN,26,,,,,,,0,,CROP TOTALS,"CROP TOTALS, (EXCL HORTICULTURE) - PRODUCTION, MEASURED IN $",TOTAL,NOT SPECIFIED,"3,597,539,000",,3597539000
SURVEY,2018,YEAR,,STATE,MINNESOTA,27,,,,,,,0,,CROP TOTALS,"CROP TOTALS, (EXCL HORTICULTURE) - PRODUCTION, MEASURED IN $",TOTAL,NOT SPECIFIED,"9,519,146,000",,9519146000
SURVEY,2018,YEAR,,STATE,MISSISSIPPI,28,,,,,,,0,,CROP TOTALS,"CROP TOTALS, (EXCL HORTICULTURE) - PRODUCTION, MEASURED IN $",TOTAL,NOT SPECIFIED,"2,384,248,000",,2384248000
SURVEY,2018,YEAR,,STATE,MISSOURI,29,,,,,,,0,,CROP TOTALS,"CROP TOTALS, (EXCL HORTICULTURE) - PRODUCTION, MEASURED IN $",TOTAL,NOT SPECIFIED,"5,256,306,000",,5256306000
SURVEY,2018,YEAR,,STATE,MONTANA,30,,,,,,,0,,CROP TOTALS,"CROP TOTALS, (EXCL HORTICULTURE) - PRODUCTION, MEASURED IN $",TOTAL,NOT SPECIFIED,"2,379,590,000",,2379590000
SURVEY,2018,YEAR,,STATE,NEBRASKA,31,,,,,,,0,,CROP TOTALS,"CROP TOTALS, (EXCL HORTICULTURE) - PRODUCTION, MEASURED IN $",TOTAL,NOT SPECIFIED,"10,211,181,000",,10211181000
SURVEY,2018,YEAR,,STATE,NEVADA,32,,,,,,,0,,CROP TOTALS,"CROP TOTALS, (EXCL HORTICULTURE) - PRODUCTION, MEASURED IN $",TOTAL,NOT SPECIFIED,"207,393,000",,207393000
SURVEY,2018,YEAR,,STATE,NEW HAMPSHIRE,33,,,,,,,0,,CROP TOTALS,"CROP TOTALS, (EXCL HORTICULTURE) - PRODUCTION, MEASURED IN $",TOTAL,NOT SPECIFIED,"17,696,000",,17696000
SURVEY,2018,YEAR,,STATE,NEW JERSEY,34,,,,,,,0,,CROP TOTALS,"CROP TOTALS, (EXCL HORTICULTURE) - PRODUCTION, MEASURED IN $",TOTAL,NOT SPECIFIED,"370,926,000",,370926000
SURVEY,2018,YEAR,,STATE,NEW MEXICO,35,,,,,,,0,,CROP TOTALS,"CROP TOTALS, (EXCL HORTICULTURE) - PRODUCTION, MEASURED IN $",TOTAL,NOT SPECIFIED,"600,306,000",,600306000
SURVEY,2018,YEAR,,STATE,NEW YORK,36,,,,,,,0,,CROP TOTALS,"CROP TOTALS, (EXCL HORTICULTURE) - PRODUCTION, MEASURED IN $",TOTAL,NOT SPECIFIED,"1,535,107,000",,1535107000
SURVEY,2018,YEAR,,STATE,NORTH CAROLINA,37,,,,,,,0,,CROP TOTALS,"CROP TOTALS, (EXCL HORTICULTURE) - PRODUCTION, MEASURED IN $",TOTAL,NOT SPECIFIED,"2,850,546,000",,2850546000
SURVEY,2018,YEAR,,STATE,NORTH DAKOTA,38,,,,,,,0,,CROP TOTALS,"CROP TOTALS, (EXCL HORTICULTURE) - PRODUCTION, MEASURED IN $",TOTAL,NOT SPECIFIED,"7,202,106,000",,7202106000
SURVEY,2018,YEAR,,STATE,OHIO,39,,,,,,,0,,CROP TOTALS,"CROP TOTALS, (EXCL HORTICULTURE) - PRODUCTION, MEASURED IN $",TOTAL,NOT SPECIFIED,"5,392,841,000",,5392841000
SURVEY,2018,YEAR,,STATE,OKLAHOMA,40,,,,,,,0,,CROP TOTALS,"CROP TOTALS, (EXCL HORTICULTURE) - PRODUCTION, MEASURED IN $",TOTAL,NOT SPECIFIED,"1,489,703,000",,1489703000
SURVEY,2018,YEAR,,STATE,OREGON,41,,,,,,,0,,CROP TOTALS,"CROP TOTALS, (EXCL HORTICULTURE) - PRODUCTION, MEASURED IN $",TOTAL,NOT SPECIFIED,"1,817,052,000",,1817052000
SURVEY,2018,YEAR,,STATE,OTHER STATES,,,,,,,,0,,CROP TOTALS,"CROP TOTALS, (EXCL HORTICULTURE) - PRODUCTION, MEASURED IN $",TOTAL,NOT SPECIFIED,"265,025,000",,265025000
SURVEY,2018,YEAR,,STATE,PENNSYLVANIA,42,,,,,,,0,,CROP TOTALS,"CROP TOTALS, (EXCL HORTICULTURE) - PRODUCTION, MEASURED IN $",TOTAL,NOT SPECIFIED,"1,523,597,000",,1523597000
SURVEY,2018,YEAR,,STATE,RHODE ISLAND,44,,,,,,,0,,CROP TOTALS,"CROP TOTALS, (EXCL HORTICULTURE) - PRODUCTION, MEASURED IN $",TOTAL,NOT SPECIFIED,"1,684,000",,1684000
SURVEY,2018,YEAR,,STATE,SOUTH CAROLINA,45,,,,,,,0,,CROP TOTALS,"CROP TOTALS, (EXCL HORTICULTURE) - PRODUCTION, MEASURED IN $",TOTAL,NOT SPECIFIED,"770,148,000",,770148000
SURVEY,2018,YEAR,,STATE,SOUTH DAKOTA,46,,,,,,,0,,CROP TOTALS,"CROP TOTALS, (EXCL HORTICULTURE) - PRODUCTION, MEASURED IN $",TOTAL,NOT SPECIFIED,"5,848,358,000",,5848358000
SURVEY,2018,YEAR,,STATE,TENNESSEE,47,,,,,,,0,,CROP TOTALS,"CROP TOTALS, (EXCL HORTICULTURE) - PRODUCTION, MEASURED IN $",TOTAL,NOT SPECIFIED,"2,130,550,000",,2130550000
SURVEY,2018,YEAR,,STATE,TEXAS,48,,,,,,,0,,CROP TOTALS,"CROP TOTALS, (EXCL HORTICULTURE) - PRODUCTION, MEASURED IN $",TOTAL,NOT SPECIFIED,"5,846,913,000",,5846913000
SURVEY,2018,YEAR,,STATE,UTAH,49,,,,,,,0,,CROP TOTALS,"CROP TOTALS, (EXCL HORTICULTURE) - PRODUCTION, MEASURED IN $",TOTAL,NOT SPECIFIED,"428,176,000",,428176000
SURVEY,2018,YEAR,,STATE,VERMONT,50,,,,,,,0,,CROP TOTALS,"CROP TOTALS, (EXCL HORTICULTURE) - PRODUCTION, MEASURED IN $",TOTAL,NOT SPECIFIED,"118,116,000",,118116000
SURVEY,2018,YEAR,,STATE,VIRGINIA,51,,,,,,,0,,CROP TOTALS,"CROP TOTALS, (EXCL HORTICULTURE) - PRODUCTION, MEASURED IN $",TOTAL,NOT SPECIFIED,"1,070,875,000",,1070875000
SURVEY,2018,YEAR,,STATE,WASHINGTON,53,,,,,,,0,,CROP TOTALS,"CROP TOTALS, (EXCL HORTICULTURE) - PRODUCTION, MEASURED IN $",TOTAL,NOT SPECIFIED,"6,695,236,000",,6695236000
SURVEY,2018,YEAR,,STATE,WEST VIRGINIA,54,,,,,,,0,,CROP TOTALS,"CROP TOTALS, (EXCL HORTICULTURE) - PRODUCTION, MEASURED IN $",TOTAL,NOT SPECIFIED,"150,152,000",,150152000
SURVEY,2018,YEAR,,STATE,WISCONSIN,55,,,,,,,0,,CROP TOTALS,"CROP TOTALS, (EXCL HORTICULTURE) - PRODUCTION, MEASURED IN $",TOTAL,NOT SPECIFIED,"3,776,504,000",,3776504000
SURVEY,2018,YEAR,,STATE,WYOMING,56,,,,,,,0,,CROP TOTALS,"CROP TOTALS, (EXCL HORTICULTURE) - PRODUCTION, MEASURED IN $",TOTAL,NOT SPECIFIED,"528,097,000",,528097000
