"","State","Real_Openness","Water_Use","Constructed_Openness","Income","Precipitation","Temperature","Population","Area","Latitude","Longitude","Income2","Is.DC","Tot_Employment","Agri_Employment","Housing_units","Median_Income","Real_Openness_next_yr","Water_Use_next_yr","Constructed_Openness_next_yr","Income_next_yr","Precipitation_next_yr","Temperature_next_yr","Population_next_yr","Area_next_yr","Latitude_next_yr","Longitude_next_yr","Income2_next_yr","Is.DC_next_yr","Tot_Employment_next_yr","Agri_Employment_next_yr","Housing_units_next_yr","Median_Income_next_yr","same_yr_Irrigated_area","next_yr_Irrigated_area","next_yr_Irrigated_water","next_yr_Irrigated_water_gw","next_yr_Irrigated_water_sw","next_yr_irrigated_area_gravity","next_yr_irrigated_area_sprinkler","next_yr_irrigated_area_drip","next_yr_Irrigated_area_gw","next_yr_Irrigated_area_sw","next_yr_palmer_z","next_yr_gravity_percent","next_yr_sprinkler_percent","next_yr_drip_percent","next_yr_sprinkler_rel","next_yr_drip_rel"
"1",1,0.160635815202585,4.39756343606259,0.0500765475562301,10.4275353764712,4.05785345363969,4.15888308335967,15.4396983540579,25.5997981465192,32.87856631,-86.71153023,108.733494027559,0,14.6390252563712,10.2585011171482,14.6654828388986,10.3567582132587,0.447557471264368,4.39756343606259,0.0785430669208151,10.4644167632684,3.93417581006928,4.17899203628239,15.4464101129243,25.5997981465192,32.87856631,-86.71153023,109.504018195372,0,14.6475240625617,10.2238304072275,14.6742230231667,10.4199572186872,12.0467075609604,11.9687984756222,11.6522786281544,11.1596880656135,10.4970629856979,7.8804263442924,11.9601465313187,8.28853445941392,79803.68991,66944,-0.51,0.0167665050236126,0.991385376057811,0.0252163164400494,59.1289224952741,1.50396975425331
"2",2,NA,-0.589147590541461,NA,10.6702104207544,3.76096753050819,3.35340671782581,13.5056960262644,27.9282177807489,60.0718779,-134.6421729,113.853390423176,0,12.7518821350586,9.69584818775788,12.7042992337196,10.6521167425551,1,-0.589147590541461,0.659152300110448,10.7318646823562,NA,NA,13.5054547156603,27.9282177807489,60.0718779,-134.6421729,115.172919560404,0,12.7526321412473,9.81967106644302,12.7058807992525,10.6660208605811,7.78239033558746,7.42476176182321,7.07580886397839,6.96911418267705,4.44747385855821,4.26267987704132,7.05875815251866,5.47227067367148,1293.158728,119.5445281,NA,0.0423375074537865,0.693500298151461,0.141920095408468,16.3802816901408,3.35211267605634
"3",4,0.251675165784635,7.41037202189033,0.137101944648168,10.5920994642943,2.49072303510944,4.11414718951828,15.811461381492,26.4080727421997,33.67825359,-111.4708913,112.192571061504,0,15.051469120004,10.7771421453244,14.9744506400859,10.5745169278425,0.78545352429093,7.41037202189033,0.383387797971978,10.6283756188801,2.40061883326541,4.10594369806545,15.8212172886263,26.4080727421997,33.67825359,-111.4708913,112.962368296006,0,15.066426965472,10.6157999023571,14.99092152891,10.6106116000269,13.7071789663615,13.7332294302301,15.183603524131,14.3854846093786,12.6684094597149,13.4499909003238,12.1126516800362,11.4385035974026,437637.3638,84945,-0.11,0.753340072289968,0.197784396094301,0.100789022521941,0.262543309946443,0.133789541044281
"4",5,0.613251187967938,8.34799910312328,0.283731132065151,10.353926026287,3.94526433920795,4.11414718951828,14.9292206326501,25.6260263461462,34.91154416,-92.43423888,107.203784157824,0,14.1048612375166,10.3536073011847,14.1489317162046,10.3513094767231,3.1044142614601,8.34799910312328,0.747782957287464,10.4046264107126,3.95756982038412,4.1415461637064,14.9364490843291,25.6260263461462,34.91154416,-92.43423888,108.256250746498,0,14.1343649360858,10.305948151624,14.1584645993705,10.4004981872684,15.3736073853952,15.3515514147144,15.4575850556746,15.3284391001926,13.311009487812,15.2755659381995,12.8738379134871,7.38585107812521,4120196.255,531644.2014,0.03,0.926829667258482,0.083934923449671,0.000347168489068067,0.0905613257913361,0.0003745763664374
"5",6,0.212119990228972,8.84343908824017,0.0267390555968311,10.7506639769789,2.64617479738412,4.09600984154116,17.4798242801881,26.7238660267036,37.83798795,-120.7490147,115.576775945911,0,16.7569438139409,12.8688121636687,16.4983824969008,10.6096990224253,0.630323364683504,8.84343908824017,0.107509531396767,10.7792270865546,3.3098128198603,4.06560209335645,17.4781793184106,26.7238660267036,37.83798795,-120.7490147,116.191736583513,0,16.7613467710709,12.8468759800664,16.5076025684446,10.6444243969319,15.9145178116232,15.8651818300449,16.9340124799954,15.9702238957116,14.6296247009908,14.8969417600935,13.8937883244296,15.2870776187834,3903996.048,1071648.52,0.46,0.379750785154767,0.139262657642645,0.560960822361084,0.366721184225831,1.47718146818963
"6",8,0.306275333077488,8.09708193011869,0.104291966630656,10.8010235079266,2.80214752448133,3.83297979808769,15.5802286834913,26.3158150294043,38.92883319,-105.4910899,116.662108818784,0,14.9569089909469,10.8565537025729,14.7672475811226,10.72364176328,1.02430213464696,8.09708193011869,0.299446607946948,10.8545274767371,2.94706710157271,3.81990771652034,15.5866607746615,26.3158150294043,38.92883319,-105.4910899,117.820766743241,0,14.9634506440289,10.9890483734595,14.7855668656183,10.7896695309733,14.6431047118768,14.6776441089664,15.1350751990227,14.012277851693,13.454723990876,13.9301366156054,14.0695099341001,9.76036747794131,893892.285,418472.6836,0.5,0.473545398039361,0.544365613155601,0.0073190361657422,1.14955316936762,0.0154558278805907
"7",9,0.763043832120902,1.41782936472838,0.522878745280338,10.8509086666068,3.78054664263976,3.93182563272433,15.1036972048268,23.2523240134854,41.59547524,-72.64983479,117.742218891044,0,14.4368942466967,8.9680140012452,14.2474825668056,10.6909899115772,4.79487179487179,1.41782936472838,1.53800423870828,10.8802899586719,4.11936232519739,3.95508249488859,15.1012041688602,23.2523240134854,41.59547524,-72.64983479,118.380709584777,0,14.4489740801128,9.19380440333608,14.2511879764139,10.7258411615317,9.00134624376639,8.40020983593042,8.61740045183326,7.05202489434297,8.18896686364888,4.33073334028633,7.5595594960077,7.59739632021279,1678.205342,2174.065761,1.05,0.0170863309352518,0.431429856115108,0.44806654676259,25.25,26.2236842105263
"8",10,0.213010125944575,3.71873311579279,0.0349083908219502,10.6589285492675,3.72013584376449,4.0342406381524,13.8337393984878,22.3420066544612,39.11541037,-75.49471267,113.612757818389,0,13.1198021001323,8.54364036143109,13.0515202237721,10.6134918501625,0.6330900243309,3.71873311579279,0.0340919802218196,10.6998679877377,3.78849851914265,4.05698877567833,13.8469026301953,22.3420066544612,39.11541037,-75.49471267,114.487174955015,0,13.1309841118645,8.32482129876878,13.0636149943506,10.6125080822524,11.8811247478859,11.7913599096152,11.3602403773046,11.2843215032126,8.74257423767064,7.13886699994552,11.8018342846598,8.15162164696975,122871.3694,10965,-0.22,0.00953779540671885,1.01052942334186,0.0262592160840537,105.95,2.7531746031746
"9",12,0.140116764621939,6.79487864348522,0.198455453719365,10.6035606931668,4.00314259879563,4.28358656186063,16.9176198653464,25.6574375661447,28.93181099,-82.70591607,112.435499373672,0,16.1658582397339,11.4112913310532,16.1435248702361,10.4713265796286,0.380755445271574,6.79487864348522,0.417308961750915,10.643088837468,3.99728284937897,4.29456060889261,16.9339349534246,25.6574375661447,28.93181099,-82.70591607,113.275340002235,0,16.1886654783964,11.4225082948458,16.1622869709213,10.5229881929278,14.2064763911103,13.9512365407133,13.9947950074132,13.4912394190814,12.0141984562806,13.0111882116087,12.6544248144407,12.980944963838,689135.4414,250614.7945,-0.29,0.390608957121205,0.273402085617897,0.378972522368357,0.699938085477804,0.97020950354388
"10",13,0.465366312939366,5.59631622497733,0.199970750509322,10.5552396577297,3.82493889852103,4.17130560335823,16.2054539344356,25.7304685799072,32.8067682,-83.57635023,111.41308423211,0,15.4781433955395,10.7361140268342,15.3282516496517,10.5061354622888,1.91988880464999,5.59631622497733,0.437867864266423,10.588728561525,3.95028171754524,4.18357569595004,16.2160593071782,25.7304685799072,32.8067682,-83.57635023,112.121172549655,0,15.4919627991933,10.9274301728672,15.3438481703378,10.5483107102659,14.068019494758,14.0163005190413,14.0772076768627,13.8916765970589,12.1571554732956,6.91572344863131,13.9510479372515,11.6894720453076,1010570.049,228406.3222,0.06,0.000824628916987356,0.936830807089191,0.0976048129532187,1136.06349206349,118.362103174603
"11",15,NA,4.94554124090154,NA,10.6621883638355,NA,NA,14.180289773401,23.5347234776545,21.02917264,-157.3971885,113.682260705909,0,13.4217743960546,9.02965747185074,13.2499788051662,10.6395505340729,0.372727272727273,4.94554124090154,0.384257834500545,10.6872521006797,NA,NA,14.1767715697995,23.5347234776545,21.02917264,-157.3971885,114.217357463482,0,13.4117964160198,8.96495121171465,13.2569676942398,10.6453772770841,10.6418709704947,10.4958747299449,10.9419074176433,9.04388978102859,9.4910549660762,8.03689677268507,8.99006769575366,10.1708393585147,4038.262078,8653.195074,NA,0.0855223137753691,0.221838190565725,0.722501797268152,2.59392175881022,8.44810863239573
"12",16,0.343893967823078,8.62728798368043,0.116194070072228,10.4907185075045,3.09285898428471,3.77276093809464,14.477699953162,26.0894754695374,44.26668842,-114.4612026,110.055174803698,0,13.7333683979822,10.4892722147676,13.5885698064017,10.4507704593125,1.2074657186389,8.62728798368043,0.349693990124922,10.5301209290377,3.09693415406296,3.7796338173824,14.4908633533592,26.0894754695374,44.26668842,-114.4612026,110.883446780159,0,13.7496687879667,10.42975336079,13.6113163288085,10.5064364651779,14.968452875471,14.972689823537,15.5031402353646,14.5135915149083,13.6212725351179,13.2178299086215,14.8098950225705,10.2326474044342,1206858.036,522022.7488,-0.41,0.172931465713995,0.849765541593261,0.00873827550780459,4.91388619234083,0.050530280719742
"13",17,0.161103093805289,4.44549544324792,0.0203164126837869,10.6763004466393,3.61765194482557,3.95316494875932,16.3477803224247,25.6915362802649,39.84225886,-89.17445102,113.983391226911,0,15.6550766920118,11.1635523689644,15.5115776243501,10.6092794506292,0.449115807103098,4.44549544324792,0.0589933436199189,10.7153728680554,3.54529772563591,4.00186370942794,16.3452064423585,25.6915362802649,39.84225886,-89.17445102,114.819215701458,0,15.6606733439162,11.1217330161488,15.514922072331,10.6435183189949,13.3628862299737,13.4304243816452,12.9256353438705,12.9082612883543,8.44062736348508,8.48301573961465,13.4669880070674,9.3195534569495,669296.7788,5384.888633,-0.61,0.00710178838081576,1.0372402967701,0.0163934908111794,146.053394039735,2.30836092715232
"14",18,0.212707469476257,3.8829422289141,0.0364850044891852,10.4908296741991,3.6423118182976,3.95508249488859,15.7372797886465,25.2535939161006,39.83861922,-86.21904026,110.057507253056,0,15.0260833344792,10.699958175328,14.9064857581698,10.4988565101774,0.631952332983261,3.8829422289141,0.0851317069374486,10.526721795621,3.6122683517421,3.99452422693989,15.7415385022715,25.2535939161006,39.83861922,-86.21904026,110.811871762403,0,15.0355230361964,10.6021445262697,14.9149824770443,10.5307886908586,13.3223119940485,13.2746466003332,12.6272207959735,12.4800492565002,10.2522272653912,8.31262602567496,13.2847883024838,8.9132811377118,534452.8491,53413.83222,-0.55,0.00699877199460708,1.01019330350626,0.0127609511459952,144.338650306748,1.82331288343558
"15",19,0.126259516978365,2.54777580956693,0.0138431244531908,10.5691864521368,3.30761903470259,3.8607297110406,14.9788229172201,25.6976519983675,42.02990262,-93.4660937,111.707702260033,0,14.3214886514172,11.057298001669,14.1790808740885,10.5665620488398,0.337394451145959,2.54777580956693,0.0332593010735433,10.5845115432938,3.29324090682351,3.92197333628131,14.9808477259461,25.6976519983675,42.02990262,-93.4660937,112.031884610119,0,14.3188764268164,11.0053279585557,14.1862020100864,10.5825611633647,12.467232338639,12.3690966974321,11.7449970425841,11.6823390714634,8.55410354543633,4.81218435537242,12.379353457672,7.793999089504,223738.0459,7769.019264,-0.92,0.000522486013941456,1.01030954110436,0.0103052932505851,1933.65853658537,19.7235772357724
"16",20,0.114459335001077,6.88532228029032,0.0321552304702033,10.5432075847132,3.05588619637374,4.01096295328305,14.8929502813996,26.0786910605009,38.48536567,-98.08532491,111.159226174354,0,14.1915482285355,10.7055788200853,14.0721438161577,10.5184028848265,0.301545440160346,6.88532228029032,0.0477680646855542,10.5547965974793,3.24259235148552,4.03069453514564,14.8941061764307,26.0786910605009,38.48536567,-98.08532491,111.40373121416,0,14.2059249704439,10.793803850638,14.0778217441001,10.5583096187744,14.6677029917885,14.6593441389446,14.7596895713232,14.7327996369241,10.5865660849537,10.7641810043079,14.6258632741262,10.3947633170574,2238888.896,74444.57473,-0.76,0.0203400560108444,0.96707341617984,0.0140577586028941,47.5452680987821,0.691136671177267
"17",21,0.299183716825031,2.66970776881402,0.170924368635935,10.4335273952259,3.89812690023603,4.03069453514564,15.3223197754737,25.3510093181868,37.62171898,-85.20171191,108.85849390693,0,14.5388173311289,10.4843614906133,14.5204276999737,10.3835652673533,0.991515618974161,2.66970776881402,0.371301722939575,10.4538030839885,3.7855523413742,4.06216566385787,15.3253831302265,25.3510093181868,37.62171898,-85.20171191,109.281998918808,0,14.550449182976,10.4883532890106,14.5267721769252,10.4409745812556,11.332098790283,11.3120936454172,10.7125716212259,10.0295705096843,9.58159589338454,4.40671924726425,11.3629975234872,7.78572089653462,45666.59623,30040.36025,-0.36,0.00100238371737669,1.05222174683699,0.0294114051708331,1049.71951219512,29.3414634146341
"18",22,0.277044085817678,5.95137913020615,0.0127286958606025,10.3788207046116,4.01782342431436,4.20916023665068,15.339443086105,25.4409965561454,31.0806972,-91.81925318,107.719919218475,0,14.5276463090759,11.0225395204417,14.5637035334666,10.3389967819927,0.892535722744139,5.95137913020615,0.0153480382619524,10.4371113125781,3.7764323511218,4.24276456734037,15.3358437766766,25.4409965561454,31.0806972,-91.81925318,108.933292551146,0,14.5240137294644,11.0425857792638,14.5692494186216,10.3813663411533,14.07157037572,14.0825393113842,14.1548907053689,13.9899744632817,12.0197505600817,14.0146007323335,11.3303478754027,8.11132800328673,1123631.048,133772.2175,-1.68,0.934317858504622,0.0637879207826791,0.00255114931880026,0.0682721840346409,0.00273049401290839
"19",23,0.641931503365655,1.93077475611377,0.668324464271639,10.6259022307766,3.91102250509456,3.77045944110636,14.1414561548411,25.1038968603578,44.67621581,-69.49838161,112.909798218024,0,13.4536823587847,9.70570712067963,13.5300885962038,10.5123559827155,3.38461538461538,1.93077475611377,1.72715105542899,10.6674659138567,3.991757973447,3.79098467705109,14.1489224020722,25.1038968603578,44.67621581,-69.49838161,113.794829023294,0,13.4711311418339,9.73032393352694,13.5376784812993,10.5806577785729,10.4084359391292,9.84278167741873,8.61341204915678,7.62195274691213,7.67972293474757,3.43398720448515,9.72094597153862,7.57660976697304,8373.650826,5977.564675,1.3,0.00164700881946658,0.885293805121666,0.103708426309638,537.516129032258,62.9677419354839
"20",24,0.235329389045967,3.15243042011649,0.0769714220064024,10.8043803422302,3.7864597824528,4.01998014693324,15.6343435430192,23.9481991089814,39.0026629,-76.68130445,116.73463457957,0,14.968742967657,9.72364292561707,14.7551493892198,10.7633560700972,0.719211822660099,3.15243042011649,0.221308089107419,10.8342333053799,3.63968920992316,4.04830062372069,15.6368697671072,23.9481991089814,39.0026629,-76.68130445,117.380611315402,0,14.9767933741557,9.5926733160273,14.7603428758618,10.8231525850492,11.8357116157726,11.780713455944,11.0556564057958,10.7856739930119,9.52496147631829,3.98898404656427,11.7908829060968,9.43978403583887,105116.86,24845.56579,-1.03,0.000413137781450114,1.01022133474106,0.096238150978907,2445.24074074074,232.944444444444
"21",25,0.553682522935353,3.92358985079959,0.479588843641661,10.8972021813751,3.7736800558064,3.91800507710569,15.7588422427788,23.7291660858851,42.10673796,-71.45056086,118.749015381766,0,15.1278415903152,9.86796399646708,14.9261512148893,10.7341986093189,2.57834757834758,3.92358985079959,1.51266706782759,10.9312659904401,4.05491049297669,3.93769075217672,15.7616205441937,23.7291660858851,42.10673796,-71.45056086,119.492576153752,0,15.1384515620288,9.56001084176203,14.9292961476625,10.786759101953,10.0853923558337,9.85024499114041,9.5206152930806,7.51303629095855,9.26559802156332,8.48776438072542,9.67086168583243,8.43641688138895,2976.160789,14252,1.11,0.256024890576386,0.83578547698149,0.243210462479565,3.26446961894954,0.94994850669413
"22",26,0.331523670790316,4.79727704351684,0.230720770763776,10.5493072486889,3.48492559719287,3.80888224650863,16.1215016439731,25.7110759404007,44.04901725,-85.19808872,111.287883427239,0,15.38417397475,10.8792917008313,15.3427320519264,10.491079754087,1.14547604967475,4.79727704351684,0.769065426127549,10.5700853978625,3.50945370043201,3.85862222870103,16.1218148262438,25.7110759404007,44.04901725,-85.19808872,111.726705318107,0,15.3889060770314,10.9461113309954,15.3508620057057,10.5212374686236,13.4185120071943,13.5285961907514,12.9548531887415,12.7493955428147,11.0678894322399,5.97126183979046,13.5130247827471,11.1554073084848,621419.472,122554.0846,-0.07,0.000522265566711432,0.98454919954808,0.0931831020442967,1885.15051020408,178.420918367347
"23",27,0.139913743957429,4.61301384391775,0.0192994945294737,10.7148843265641,3.28952066443753,3.68887945411394,15.5589869344405,26.0522675856254,45.54670036,-94.4318287,114.808746131649,0,14.9169943864793,10.9987943841955,14.7507670965096,10.6647138539067,0.380110131115985,4.61301384391775,0.0523175499951165,10.7478525448387,3.18469837306661,3.7796338173824,15.5626064618898,26.0522675856254,45.54670036,-94.4318287,115.516334325596,0,14.9301011771546,11.0763875591075,14.7613336839643,10.7222977510917,13.3821288834069,13.2330224309849,12.8847151398872,12.7959395180771,9.72784755115335,9.3200912359353,13.3175583813205,7.80954132465341,530655.7258,14608.99446,-0.85,0.0199818444531582,1.08821196511413,0.00441176207281198,54.4600358422939,0.22078853046595
"24",28,0.288283481810412,6.47063393280094,0.0669135574706778,10.2766016304266,4.08731994728514,4.16976120150686,14.893939526882,25.5234434395356,32.79092429,-89.64612789,105.608541070487,0,14.0446854839156,10.3309098279963,14.1102407340772,10.2992053091894,0.942153186930905,6.47063393280094,0.135230752808698,10.3354972158664,3.86535059722972,4.20020495292158,14.8938146915786,25.5234434395356,32.79092429,-89.64612789,106.822502699182,0,14.0611370628573,10.1765254201242,14.1160239557312,10.3276435590878,14.4688175535379,14.354011269147,14.1979826749735,14.1486901583749,11.143558414646,14.2318008616446,12.3587722730901,7.95226330865705,1669302.869,70666.09319,-1.03,0.884962146237152,0.135981151324006,0.00165865547356306,0.153657590781929,0.00187426714308137
"25",29,0.240883449516409,6.2173396642969,0.0749719566339601,10.5088958187881,3.69535842021165,4.00733318523247,15.6364981922552,25.9053470957279,38.45001591,-92.480744,110.436891330141,0,14.9100703128653,10.7094052269289,14.8544772246059,10.4798199785042,0.741339491916859,6.2173396642969,0.14173866876186,10.5635690388907,3.57794789340665,4.05004430332552,15.6394396577358,25.9053470957279,38.45001591,-92.480744,111.588990839411,0,14.93762776232,10.8708325502328,14.8608767696124,10.5346263418121,14.1042553155661,14.2124742982984,13.9917243335129,13.9683590917959,10.1210454933317,13.73217025252,13.3472078812782,9.18307194482199,1441899.739,39198.71359,-0.77,0.618595281926603,0.420939392268685,0.00654271963595827,0.680476241198733,0.0105767370478176
"26",30,1.36642295722597,8.14618930533908,1.26422734775623,10.5539620688091,2.905807566026,3.74004774068834,13.9313957939375,26.6554420564989,46.97106673,-109.7059727,111.386115349862,0,13.2349846697107,10.5430757160015,13.1790593510019,10.46723763961,22.25,8.14618930533908,22.0205305339011,10.6015476449567,2.91289399524499,3.78191432008113,13.9402135950858,26.6554420564989,46.97106673,-109.7059727,112.392812468287,0,13.2399188316105,10.3318876319268,13.1909206873815,10.5171043941393,14.360544546334,14.2610761203451,14.4465663540372,10.8209351637672,13.3269755882971,13.6595711125827,13.4653557403009,6.76157276880406,51395.69298,490983.1402,-0.54,0.547986291552371,0.451256041957943,0.00055335912687103,0.823480530287713,0.00100980468928053
"27",31,0.0786256028493793,7.7066439526188,0.0214907575322671,10.5712399990761,2.74855214441154,3.90600493310258,14.4924892298126,26.0163545579202,41.32123795,-99.03604101,111.751115118067,0,13.8403095063642,10.6639895971143,13.6691324268018,10.5483631844224,0.198465682829703,7.7066439526188,0.0378864113223187,10.631905347178,3.21124679770371,3.91999117507732,14.4977883804949,26.0163545579202,41.32123795,-99.03604101,113.037411311352,0,13.8558249036527,10.7326941775032,13.680292028639,10.6138359404158,15.8906852596154,15.8041792480797,15.7344844471912,15.6691204124341,10.8379923268479,13.0924009537186,15.7352194319701,10.1748115583751,6882278.202,73818,-0.17,0.0664185898301911,0.933364185528733,0.00359084513799377,14.052755228845,0.0540638569288251
"28",32,0.959974133483145,6.62556012581912,0.684572183635376,10.5501456693631,2.13771044980381,3.94352167248752,14.9716908802704,26.3741291347808,39.24605215,-117.5587944,111.305573644781,0,14.2374354574111,9.99076556064319,14.099777806536,10.5108861947536,8.11956521739131,6.62556012581912,11.4312268418903,10.6081432552789,2.55412171880947,3.91002100275747,14.9768397095577,26.3741291347808,39.24605215,-117.5587944,112.53270332452,0,14.2580061619372,10.0472415161808,14.114316529794,10.5803274898213,13.4116900966828,13.5507295755851,14.6259153028114,13.4696266743935,13.0686988038606,13.2411414733795,12.2860661212226,9.92176941621414,237113.3262,189541.3241,1.54,0.733749123634629,0.282334298529791,0.0265437713552974,0.384783149220332,0.0361755407949419
"29",33,1.9216864754836,0.640800700187736,1.90036712865647,10.8052938902093,3.83297979808769,3.8155121050473,14.1485705509267,23.8669919031651,43.47455644,-71.57668133,116.754376053795,0,13.5327894926748,8.75856951099151,13.382526760169,10.6948724416851,82.5,0.640800700187736,50.4506662917524,10.8510249817435,4.03069453514564,3.84374416467485,14.1534488622401,23.8669919031651,43.47455644,-71.57668133,117.744743154421,0,13.548770332932,8.28953948462414,13.3894396000631,10.7495274791992,7.86018505747217,7.63046126178363,7.06133436691044,5.95686130516733,6.4393503711001,5.25227342804663,7.15305163493748,6.54965074223381,717.0133901,987.288487,1.27,0.0927184466019417,0.620388349514563,0.339320388349515,6.69109947643979,3.65968586387435
"30",34,0.343391082282639,3.5347983551992,0.320095257747689,10.8449000731841,3.78532535238219,3.99452422693989,16.0413980671143,23.6702666714941,40.2804298,-74.62094429,117.611857597348,0,15.3647291414397,9.33140689995563,15.1465820720022,10.7338281622723,1.20491109229467,3.5347983551992,0.670736777966893,10.870148152571,3.92276510196005,4.01818320125654,16.0445396341415,23.6702666714941,40.2804298,-74.62094429,118.160120858844,0,15.3811021154405,9.71944451484383,15.1514722158128,10.7746135404559,11.3904979102139,11.1650120267001,10.5867863970413,10.3569688482282,8.97587245842989,8.53993267838573,10.850869891888,9.89363921648131,51957.54798,18861.05684,0.23,0.0724340092896794,0.730415203353348,0.280446357765945,10.0838709677419,3.87174975562072
"31",35,0.907421502036759,6.76416189098448,0.701013746846005,10.4316421584239,2.64688376586472,4.00003388275086,14.5637820850512,26.4732923800767,34.54561168,-105.8871404,108.819158121407,0,13.7504673761736,10.238494430329,13.7712900868253,10.3766736124732,7.08018867924528,6.76416189098448,4.77993431645001,10.4775696259371,2.38508631450579,4.01277290852829,14.5642679267033,26.4732923800767,34.54561168,-105.8871404,109.77946526636,0,13.76176161937,10.4015622273767,13.7802698341356,10.3994634630518,13.2101984150923,13.2772023917036,14.0070428982863,13.4036981767704,10.9019040153606,12.5794621201659,12.6325585928613,9.16293424957891,303379.0473,26454.29384,-1.14,0.497708720566696,0.524849460799849,0.016337893050785,1.05453137369635,0.0328262141603277
"32",36,0.259213154865664,2.97219749042033,0.163703420630829,10.7668204475455,3.76421881065975,3.8416005411316,16.7949686728486,25.5276966337854,42.55441095,-75.47714089,115.924422549684,0,16.0773088641516,10.8871939127029,15.9656183702175,10.614229041497,0.816406949668637,2.97219749042033,0.488922813080279,10.7964482430979,3.84844402378527,3.87535902105655,16.7895704733642,25.5276966337854,42.55441095,-75.47714089,116.563294665892,0,16.0773458413327,10.778518694159,15.9708978106922,10.6484678817361,11.0747305322391,10.8046849509626,10.09921879624,9.41985376772345,8.91832921427545,7.94058382710424,10.008838068144,10.1934669840366,24316.01302,17262.10348,0.99,0.0570343749365495,0.451198960427199,0.542689488538304,7.91100035599858,9.51512993948024
"33",37,0.313419952024219,4.77578262450196,0.0988788972034507,10.5636207184773,3.84224411082023,4.0926765051214,16.1856583135172,25.5590158564391,35.62288795,-79.50227002,111.590082683843,0,15.4516501853415,10.918464576909,15.4032399360146,10.4977255847669,1.05787955283087,4.77578262450196,0.246567377326262,10.6069315385734,3.88834487807357,4.10758978897212,16.1983375080311,25.5590158564391,35.62288795,-79.50227002,112.506996663984,0,15.4699497515214,10.8298276202633,15.4207751742995,10.5395351410555,12.0779494593008,11.9317871041708,11.7052221047863,10.9763236317598,10.9980830483492,5.32787616878958,11.8819962618853,9.61059191303146,76069.3598,72865.97564,-0.15,0.0013550581162061,0.951428402281234,0.0981562000486768,702.131067961165,72.4368932038835
"34",38,0.0802772579401171,4.44223587611418,0.0148329825620438,10.6406516185128,2.93651291389402,3.67376581630389,13.5661013136673,25.9089630671074,47.39323862,-100.2508894,113.22346686656,0,12.9204014041573,10.3891799666631,12.8419137542904,10.6252464850853,0.203032217308907,4.44223587611418,0.0481541742196372,10.6646204308872,2.85933964864844,3.73766961828337,13.5720699071226,25.9089630671074,47.39323862,-100.2508894,113.734128934896,0,12.9240734013351,10.4146031342602,12.8429774631356,10.6524714405335,12.4199736154775,12.4145613370283,12.0305995841651,11.7294209676983,8.26021389445074,9.88715489791523,12.3367148685207,5.2040066870768,183091.6735,6581.66597,0.02,0.0798658889524807,0.925106448614443,0.000738747295657221,11.5832486277699,0.00924984752998577
"35",39,0.159838782007582,2.99856575544998,0.0716357120840611,10.5435503620036,3.69486152579148,3.94545778151438,16.2798792401597,25.3850431737458,40.31742129,-82.83129539,111.166454236107,0,15.5667964094818,10.8365764026862,15.4819386367522,10.5032851301044,0.444903296854567,2.99856575544998,0.133968413174698,10.5813941836798,3.63098547569503,3.97968165390196,16.282417429347,25.3850431737458,40.31742129,-82.83129539,111.965902870412,0,15.5706235046323,10.9235074701728,15.4864449943506,10.5423369296882,11.1536471351614,10.9372057012862,10.5122199819537,9.99752718690296,9.33412737878315,6.67456139181443,10.7754919626988,9.14034700015565,37280.51427,15800.7136,-0.19,0.0140850080028455,0.850684687889027,0.165818957851681,60.3964646464646,11.7727272727273
"36",40,0.311300452680114,5.8284228339238,0.0986933206048503,10.4021393753704,3.38676033386439,4.10923317471585,15.2067427081138,25.9031599629506,35.50185248,-97.25333439,108.204503584632,0,14.4232659583702,11.1664695569401,14.3902862797809,10.3884413687345,1.04786089351812,5.8284228339238,0.180289983143675,10.4401563462596,3.60902422886447,4.12390336446365,15.2151711911395,25.9031599629506,35.50185248,-97.25333439,108.996864534345,0,14.4294770758498,11.0989391543184,14.3971036377103,10.4602421081905,13.0179290993227,13.1978066005707,13.4082413233982,13.3482715477951,8.88525922567697,9.93522843832019,13.1833738071403,10.1273508447747,502710.824,16210.87139,0.43,0.0382895539716719,0.985670860063689,0.0464000029674636,25.7425526761928,1.21181884233471
"37",41,0.703638115015082,7.54035513630054,0.207535591487033,10.6566474030022,3.38439026334577,3.87743156065853,15.2601061380069,26.2392236404128,44.49389908,-121.4848871,113.564133871914,0,14.5552373660187,10.9505959983371,14.4357369844251,10.5496741442326,4.04015151515151,7.54035513630054,1.35050249059347,10.7060047001504,3.36176331241675,3.87120101090789,15.2585060895154,26.2392236404128,44.49389908,-121.4848871,114.618536639643,0,14.557406473264,10.9853096718968,14.4465216625362,10.6141307807128,14.2438884843861,14.1852994371399,14.7243084887837,13.7283677777234,13.1545957583693,12.6439081336688,13.8929427843715,11.6709714055521,571315.2362,328973.3455,-0.71,0.214083039651686,0.746502246396887,0.0809172677899918,3.48697518314132,0.377971407364379
"38",42,0.179022433281258,2.52787034922012,0.081784111653853,10.6331836108432,3.80510572308207,3.90399083373088,16.3783043631221,25.4758382689323,40.82029613,-77.61765701,113.064593701903,0,15.6721587994848,11.281371646296,15.5759841894832,10.5455519428668,0.51015815867301,2.52787034922012,0.253664863142533,10.6597268962621,3.76026945020061,3.94158180766969,16.3775081015683,25.4758382689323,40.82029613,-77.61765701,113.629777502893,0,15.6718102670784,11.2737287483338,15.5802065939263,10.5846127578687,10.6932395290686,10.3171853455708,9.92510226250854,8.74615737903208,9.12302326541967,7.13009851012558,9.49469190433151,9.63318687791512,10473.28624,13055.67074,0.16,0.0412919862470246,0.439334832055012,0.504595345146787,10.6397117694155,12.2201761409127
"39",44,0.304882805887765,0.43906105753668,0.268911460260403,10.7040980363456,3.85036034503604,3.95316494875932,13.9051080879755,21.7082461694189,41.62991248,-71.4697877,114.577714771698,0,13.2367058343854,8.56807640173081,13.0939988816947,10.6314225585817,1.01782178217822,0.43906105753668,0.712702543842509,10.7477450815105,4.04462896997617,3.96081316959758,13.9071430743562,21.7082461694189,41.62991248,-71.4697877,115.514024337132,0,13.2352312422642,8.38389034410182,13.0962801483549,10.6623054255857,8.29978317194979,8.27664912542186,8.01234963932779,7.10971213943393,7.08086789669078,5.76205138278018,8.09894674894334,6.21060007702465,1846.104401,1145.712568,0.97,0.0808954464512847,0.83719155431188,0.126685321801068,10.3490566037736,1.56603773584906
"40",45,0.463569625395605,3.83016849075645,0.426968259714408,10.5098506030112,3.81617267977131,4.15575319035074,15.4799353949277,25.078256940065,33.95498444,-80.98041638,110.456959697615,0,14.7132490564738,9.85744361403472,14.710242561499,10.4352328265546,1.90783410138249,3.83016849075645,1.13360576746493,10.5478908178571,3.94352167248752,4.16355963124357,15.4970002586255,25.078256940065,33.95498444,-80.98041638,111.258000705435,0,14.7384666270429,10.0750009106135,14.7279245851197,10.4943251142715,12.3369386140659,12.1416354525921,11.9024170055671,11.7796605258829,9.67250082376089,6.0591231955818,12.0509439876382,9.92939893432063,162317.0264,23331.26537,0.39,0.00228243537988151,0.913299452322165,0.109455575168383,400.142523364486,47.9556074766355
"41",46,0.041416425529505,4.34248246921554,0.026458982800061,10.5352379382308,2.83262493568384,3.81109708683819,13.7210064531942,25.9751412800484,44.28529801,-99.25822904,110.991238415137,0,13.0411164449431,10.2938051813141,12.9190445119665,10.5490713161645,0.10006013229104,4.34248246921554,0.0421020396062178,10.6031882120659,3.14974008603334,3.84374416467485,13.7313873697755,25.9751412800484,44.28529801,-99.25822904,112.427600260494,0,13.0659644397952,10.3579332828659,12.9412898415082,10.6058174426707,12.9260321417413,12.8469523731536,12.4598579076743,12.1652477859016,8.79558221695643,9.42625787819865,12.812190267117,6.04025471127741,299368.1081,13439,1.1,0.0326897242051471,0.965835155282775,0.00110634038405816,29.5455278001612,0.0338436744560838
"42",47,0.299759144220538,3.14852202774191,0.23695999589796,10.5106410199291,4.00387265905803,4.06902675423781,15.7687280858322,25.3941488542998,35.88471808,-86.10862377,110.473574649816,0,15.043236997594,10.2333307225094,14.9611918479107,10.4641884657958,0.994156067377106,3.14852202774191,0.551926598802744,10.5594000464858,3.88752537382775,4.0943445622221,15.7793292447413,25.3941488542998,35.88471808,-86.10862377,111.500929341725,0,15.0516852703897,10.3681959366849,14.977150852516,10.510232261595,12.2400198628298,12.0677411795356,11.303018916688,11.2058495112102,8.66918012574795,7.73149202924568,12.136561782766,8.86644061952617,157820.0686,9609.004973,-0.2,0.0130855180808672,1.07124401419368,0.0407092247447779,81.8648530057043,3.11101360245722
"43",48,0.178712557595926,7.60269627469324,0.0576623816143539,10.5485730535173,3.05588619637374,4.19720194766181,17.2176931874437,27.2404658023558,31.65818605,-98.65226965,111.272393465391,0,16.4950538027743,12.6762762547786,16.3116353814177,10.5176726912928,0.509081022294725,7.60269627469324,0.0732300286980172,10.590993853206,3.17805383034795,4.22097721315547,17.2333454652294,27.2404658023558,31.65818605,-98.65226965,112.169150798647,0,16.5186662002324,12.7357327810609,16.3327883138934,10.5754621678633,15.1413747471111,15.1303612790587,15.342884688396,15.1446856910647,12.1259998401537,13.2758155276023,15.0167010953727,13.2427563375761,3115019.47,153963.7446,-1.2,0.156524027340137,0.892561211214773,0.151434068302009,5.70239104105838,0.967481292651211
"44",49,0.905496056757822,7.00691422459441,1.09536310315565,10.5587770905398,2.43361335540045,3.90197266957464,15.0336229258439,26.0862232819749,39.63565035,-111.6003276,111.487773647709,0,14.3670100692832,10.1228640172811,14.0214729549176,10.5646537497409,7.04444444444445,7.00691422459441,9.19295911499861,10.5990318576958,2.70938264633599,3.88156379794344,15.0444883163408,26.0862232819749,39.63565035,-111.6003276,112.33947632045,0,14.3797214863377,10.1504257524161,14.0454541365975,10.6183717627389,13.6570668429007,13.8015799764123,14.6138615419033,13.5237995383271,11.637662527459,12.9120077114334,13.3083747849849,8.03527891114467,243916.0073,86689.10353,0.74,0.410831442170994,0.610665952790909,0.0031313186623753,1.48641484099638,0.00762190606889334
"45",50,0.458757089720647,0.126764800791497,0.236059694046456,10.6513833011443,3.78236979720128,3.78872478908365,13.3802004866744,23.8960173592464,44.16028666,-72.68528623,113.451966227895,0,12.749561955132,9.05005424204284,12.7337494866402,10.5824597409148,1.87578947368421,0.126764800791497,0.520210208915576,10.7370269116133,3.97631149531051,3.82428409112014,13.3808184725546,23.8960173592464,44.16028666,-72.68528623,115.283746900709,0,12.7534770340367,9.04805670891874,12.7406841294474,10.6533694460764,8.23164217997341,7.89170465933011,7.95647679803678,6.54875083529307,7.64491434829566,6.74170069465205,6.85856503479136,7.40671073017764,872.3585519,1552,1.23,0.316635514018692,0.35588785046729,0.615700934579439,1.12396694214876,1.94451003541913
"46",51,0.273817317404976,4.32505408591289,0.113343180363433,10.7621279849085,3.81903013857898,4.02891675689965,15.976948935227,25.3507648684176,37.56542632,-78.51268422,115.823398763551,0,15.2737908734928,10.5729310063968,15.1198443109147,10.6620010365273,0.878526463044999,4.32505408591289,0.336132695093979,10.7932084108677,3.72400525608931,4.0517849478033,15.9806363255248,25.3507648684176,37.56542632,-78.51268422,116.493347800425,0,15.2783028900569,10.4073791916992,15.128595581499,10.7084891178702,11.02216387224,10.929564990021,10.4802413564162,8.73981250918405,10.135430228161,3.73766961828337,10.8196982812101,8.62515033292133,8561.276978,39135.31765,-0.34,0.000752661194939249,0.895953550051969,0.0998172108526576,1190.38095238095,132.619047619048
"47",53,0.432603896956361,6.7618797240033,0.0389914327814359,10.8349427209301,3.74714836223791,3.85227300102237,15.8678103215449,25.8714461250492,47.23708702,-120.7324056,117.395983765835,0,15.167715677382,11.4405160494521,15.013509252781,10.7343075382211,1.70742210588533,6.7618797240033,0.185066681990448,10.859210513654,3.57850639663257,3.87949981372259,15.8712842118439,25.8714461250492,47.23708702,-120.7324056,117.922452979854,0,15.1731867992621,11.4451497096397,15.0279160073873,10.7680006622286,14.3273846319142,14.3497311722854,15.1068660203465,13.8099156117018,12.6464998469853,11.1953476001688,14.1541069655076,12.5564231321841,548767.8397,179171.0952,-1.15,0.0426646925945333,0.822321199354324,0.166408771257322,19.2740448681843,3.90038603673531
"48",54,Inf,3.25665126334578,Inf,10.3710507062425,3.89934295227077,3.958906591327,14.3893988643537,24.8546861334505,38.81190905,-80.61919624,107.558692751453,0,13.5085015850404,9.95934790203275,13.6666462141422,10.3267925787726,NA,3.25665126334578,NA,10.3971466713802,3.69212418427883,3.98898404656427,14.3865302167399,24.8546861334505,38.81190905,-80.61919624,108.100658906193,0,13.5375213574834,10.1485491391513,13.6690456004943,10.3795975002136,8.55929436743487,7.68662133494462,7.05098944706805,6.35957386867238,5.62040086571715,5.21493575760899,6.68085467879022,6.95463886488099,916.1118624,726.6244035,-0.55,0.0844424047728316,0.365764111977972,0.480954566314823,4.33152173913043,5.69565217391304
"49",55,0.0842862962719568,5.81844865797098,0.036933163597522,10.6013237225822,3.47444784340175,3.75887182593397,15.5891975323535,25.6669918017591,44.40708334,-89.77145833,112.388064670984,0,14.9263685608783,11.1010095953666,14.8344860287966,10.581774870189,0.214189006227999,5.81844865797098,0.0927584946857851,10.6402927024355,3.40485734249364,3.83514196109219,15.5923179668525,25.6669918017591,44.40708334,-89.77145833,113.215828793503,0,14.9327911707191,11.0011827541418,14.8406155145711,10.6290051131265,13.0720611706745,13.0853777645524,12.9971447662453,12.8093243470737,11.1915619869537,9.4093551517118,13.1517202175053,8.18535022317869,447981.1482,38232.78102,-0.59,0.0253234961450259,1.0685925972045,0.00744637798462161,42.1976725127028,0.294050155712178
"50",56,0.588613267600716,7.88211601240721,1.14079920217317,10.5483369476883,2.68920711330073,3.68887945411394,13.2731615868344,26.2505457913279,43.08797026,-107.1421614,111.267412361967,0,12.5812091218207,10.1875380387539,12.5321553834496,10.5194836739077,2.8780487804878,7.88211601240721,8.6957302242611,10.5957843716412,2.93810316071735,3.73289633953071,13.2777538597873,26.2505457913279,43.08797026,-107.1421614,112.270646450317,0,12.5604058497354,10.2043326115142,12.5429697918645,10.5822061397773,14.0565765387374,13.9536973473936,14.4169573854485,11.6231061406689,13.0578491672246,13.6118497298412,12.7169182690962,5.04342511691925,78278.40358,292585.6379,1.09,0.710456457554934,0.290317804544544,0.000134995079211629,0.408635605260996,0.000190011756211239
